id,name,latitude,longitude,price,rating,bedrooms,bathrooms
RGVtYW5kU3RheUxpc3Rpbmc6MTc2OTA2ODUzMDIxMzY4MDU3MQ==,Sunset Views | Entertainment District | Parking,43.649,-79.3884,865.0,4.95,1,1
RGVtYW5kU3RheUxpc3Rpbmc6MTc2NTY4MjMwNDA1MzE1NDk5NA==,Sweet Home ,43.7597,-79.2103,942.0,4.95,3,2
RGVtYW5kU3RheUxpc3Rpbmc6MTc1NjAwNDgwNTM1MDc2ODQ1Mw==,Debonair 3BR family home - 15 min to airport. ,43.6499,-79.5417,1080.0,4.95,3,2
RGVtYW5kU3RheUxpc3Rpbmc6MjYxMDIxMDE=,Newly Renovated  Ideally Located Annex Ensuite,43.67148,-79.40934,415.0,4.96,0,1
RGVtYW5kU3RheUxpc3Rpbmc6NDgwODE3NzQ=,Bright Private Basement Suite | 1BR Near Subway,43.66466,-79.41735,710.0,4.98,1,1
RGVtYW5kU3RheUxpc3Rpbmc6MTE1NjAxNjQ3NTEzMjI3NTAyMg==,Cozy 5BR | 4 Bath | 10 Min to DT | Free Parking,43.68869,-79.35526,1358.0,4.93,5,3
RGVtYW5kU3RheUxpc3Rpbmc6MzM3MTYzODM=,Rachel's Room,43.66575,-79.38436,375.0,4.97,0,1
RGVtYW5kU3RheUxpc3Rpbmc6MTc3MDAzMzczMjY1MTIyMjc2NQ==,"Waterfront Energy, City Comfort + 1 Free Parking",43.63565811592185,-79.40192655360958,918.0,4.95,1,1
RGVtYW5kU3RheUxpc3Rpbmc6MTcyNTQ0ODU0MjQ5OTAzMDY1NQ==,Brand New Modern Basement Apartment,43.5812,-79.7734,515.0,4.95,1,1
RGVtYW5kU3RheUxpc3Rpbmc6MTc3MDE2NDA0NDkyODUxMDYxMg==,City Life by the Waterfront + 1 Free Parking,43.63622393708174,-79.40191266975857,806.0,4.95,1,1
RGVtYW5kU3RheUxpc3Rpbmc6MTc1NTEwMzk0NDcwMzAxMDE4Mw==,Sky-High Views Heart of Toronto + 1 Free Parking,43.66306242548895,-79.3854680909502,1988.0,5.0,3,2
RGVtYW5kU3RheUxpc3Rpbmc6MTc0OTM3NTEwNTY3MDM2Nzc1MA==,Steps from It All in Downtown Toronto,43.64820333689984,-79.39382643518596,1092.0,5.0,1,1
RGVtYW5kU3RheUxpc3Rpbmc6MTU5OTAwMTkyNzMyNTU0OTIzNA==,Skyline Views | Walk to CN Tower + Parking!,43.64123851773097,-79.3968129749227,1305.0,5.0,2,2
RGVtYW5kU3RheUxpc3Rpbmc6MTc1MTU3MTYwOTQ2MzE5NzkyNA==,Modern Condo by CN Tower & Rogers Centre,43.6419,-79.3818,841.0,5.0,1,1
RGVtYW5kU3RheUxpc3Rpbmc6MTc1NjI4NDYxMDkxNTk2NzIxMg==,Stylish & Cozy Lake View (4 Beds W/ Parking),43.64839750378201,-79.3872656975008,1482.0,4.95,3,2
RGVtYW5kU3RheUxpc3Rpbmc6MTY5NjU3ODgxMDk2NzU1MTcyMw==,Walker’s Paradise | Scotiabank Arena | Sleeps 10 ,43.642,-79.382,2406.0,5.0,4,2
RGVtYW5kU3RheUxpc3Rpbmc6MTEyOTkwNDkxMzY1NTMxNTkwNQ==,"Stunning Skyline View Condo, Steps to CN Tower",43.64423,-79.38937,1312.0,4.92,1,1
RGVtYW5kU3RheUxpc3Rpbmc6MTY4NjE4NzkxNjAwMjY1MzA3NA==,3BR Exec Townhome near Distillery + Free Parking,43.648,-79.3645,1657.0,5.0,3,1
RGVtYW5kU3RheUxpc3Rpbmc6MTc0MzQ5NjQ4ODUzODIzNDgxNg==,Modern Condo Near Waterfront + 1 Free Parking,43.63654,-79.40715,1122.0,5.0,2,2
RGVtYW5kU3RheUxpc3Rpbmc6MTc0ODc2MzIyNjM1MTc1NjE4NQ==,Downtown 1BR+Den | Steps to TMU & Eaton Centre,43.656990616161124,-79.37335682119303,1170.0,5.0,2,1
RGVtYW5kU3RheUxpc3Rpbmc6MTY3NzMwNjg4NDYwODEwODQ4Mw==,Luxury 1+Den w/ Parking | Downtown Toronto,43.67113,-79.42456,948.0,4.96,1,1
RGVtYW5kU3RheUxpc3Rpbmc6MTc3MDM2NTM3NjUyNDA5NjYzNQ==,Downtown 3BR Retreat | Walk to CN Tower,43.64124,-79.39761,2087.0,4.95,3,2
RGVtYW5kU3RheUxpc3Rpbmc6MTIwMDg5NDQ3NDMzOTYzNDUyOA==,"Modern Luxury Home, DT, 7 beds, 5 Star, 14 Guests+",43.66511,-79.36757,2518.0,4.84,4,2
RGVtYW5kU3RheUxpc3Rpbmc6MTc0NzI4OTc3ODI2MzM4MzIzNA==,"3BR Condo w/ Terrace, Parking & Skyline Views",43.6549,-79.4448,1520.0,5.0,3,2
RGVtYW5kU3RheUxpc3Rpbmc6MjYxODMyMDM=,Stylish 1870s Home near Distillery District & Old Toronto,43.65434,-79.36116,2238.0,4.99,2,1
RGVtYW5kU3RheUxpc3Rpbmc6MTc2MTE3OTA5MTU0NzU1NTU3OQ==,The Cozy 2 Bedroom Suite - Free Parking & Balcony,43.6398,-79.398,910.0,4.67,2,2
RGVtYW5kU3RheUxpc3Rpbmc6MTc1MTU2OTEyMjQwMjE3ODk0NA==,Beautiful room in a quiet house in North York.,43.798,-79.3424,218.0,4.95,0,1
RGVtYW5kU3RheUxpc3Rpbmc6Mzg0Mzc0ODU=,Luxury Lakeview 3BR+2BA Condo • Subway & BMO Field,43.649,-79.3884,2479.0,4.96,3,2
RGVtYW5kU3RheUxpc3Rpbmc6MTcwNDU0NTIyMzY3NzY0MTk3OA==,Waterfront Condo | Lakeview Escape | Free Parking,43.63662,-79.40327,1391.0,4.98,1,1
RGVtYW5kU3RheUxpc3Rpbmc6MTY5ODI1MjAyMTcyNTg5Nzk5Mg==,Luxury CN Tower Studio | Steps to Scotiabank Arena,43.64379,-79.38135,1324.0,5.0,1,1
RGVtYW5kU3RheUxpc3Rpbmc6MTM0MDYxMzcwMTEwMDA5ODk5Mg==,Kimchi Loft in Koreatown,43.6646,-79.4145,1252.0,4.98,2,1
RGVtYW5kU3RheUxpc3Rpbmc6MTY1MjYxODAyMzY3NDA0MjE3OQ==,Luxury Suite in Prime Downtown,43.64264,-79.38192,972.0,4.97,1,1
RGVtYW5kU3RheUxpc3Rpbmc6MTM5NzM3MTQ=,Luxury 4BR: 365 Days Open- Heated Pool & Hot Tub,43.6671,-79.2996,5749.0,4.99,4,3
RGVtYW5kU3RheUxpc3Rpbmc6MTI3ODI0NDYyMjI2NjMwODI3MQ==,Cozy in the City,43.7311,-79.5723,1091.0,5.0,2,2
RGVtYW5kU3RheUxpc3Rpbmc6MTEzNjU4MjA0Mjc4OTI0NDM2Nw==,Private Pool Lakeview House,43.7349,-79.21408,3849.0,4.93,5,4
RGVtYW5kU3RheUxpc3Rpbmc6MjQzNTE3MDc=,A)Toronto [8-Min Walk2Subway] 2.5 Baths+Parking ,43.72371,-79.45532,336.0,4.98,0,2
RGVtYW5kU3RheUxpc3Rpbmc6MTI4MjcwNDYzNTgyMjM0NTQ1NQ==,2BR Suite #3 | King + Queen | Danforth Music Hall,43.6764,-79.357,1049.0,4.99,2,1
RGVtYW5kU3RheUxpc3Rpbmc6MTc0MzE1NzQxNTMxMzg4NjQzOQ==,"Spacious Basement Suite, Parking & Fast Transit",43.69207,-79.30486,725.0,5.0,1,1
RGVtYW5kU3RheUxpc3Rpbmc6MTc1NTA2MzAzODg5NDEyNDgzNQ==,Prime Downtown Location + 1 Free Parking,43.64663531100807,-79.39340278170329,1006.0,5.0,1,1
RGVtYW5kU3RheUxpc3Rpbmc6Mjk2OTM2MQ==,Tree top gem - Downtown Toronto,43.65822,-79.37251,758.0,4.99,1,1
RGVtYW5kU3RheUxpc3Rpbmc6MTI4Nzc3NzA0Njg3MzE0MjkyMA==,King Studio #1 | Danforth Music Hall | Greektown,43.6765,-79.3569,983.0,5.0,1,1
RGVtYW5kU3RheUxpc3Rpbmc6MTc0OTk2MzEzMjUzNzUxMTk4Ng==,Modern 2BR Haven | City Views,43.6717,-79.3882,1000.0,4.95,2,2
RGVtYW5kU3RheUxpc3Rpbmc6MTU4NTExMjk5NTM1MTM5NzEyOQ==,Spacious Suite｜Free Parking ｜Shared Kitchen,43.76609,-79.38044,520.0,4.97,0,1
RGVtYW5kU3RheUxpc3Rpbmc6OTg5MzMxMTI3NzYzODAxOTI1,Lakeview Condo in the heart of Downtown Toronto,43.6417,-79.382,790.0,4.93,1,1
RGVtYW5kU3RheUxpc3Rpbmc6MTczNDA0Mzk0MTc5OTg5NjQ1Ng==,Breathtaking CN Tower & Lake View | Free Parking,43.6422,-79.3816,1196.0,4.88,1,1
RGVtYW5kU3RheUxpc3Rpbmc6MTc1NTg4Mjk5OTY3NDgyOTU3Mg==,1 bed centrally located downtown,43.645,-79.3911,1040.0,4.95,1,1
RGVtYW5kU3RheUxpc3Rpbmc6MTY3OTM3NjE3NTI3ODM0ODg1OQ==,Modern Downtown Studio with Patio,43.65819,-79.37466,815.0,4.95,0,1
RGVtYW5kU3RheUxpc3Rpbmc6OTQ0OTk3MzIwNzU2Njk5MzU1,Bright Luxury Condo | City & Ocean Views,43.59,-79.6409,834.0,5.0,2,2
RGVtYW5kU3RheUxpc3Rpbmc6NTk1NTQ4NTEzMjk3Mjc1ODkw,Cherry Blossom House - Overlooking Park,43.6514,-79.47059,1352.0,4.91,4,3
RGVtYW5kU3RheUxpc3Rpbmc6MTY0MDY1Mjg1MzE5NDAwNzc0Mg==,Park Prestige | 5BR Modern Family Home + Parking,43.64226,-79.45033,3115.0,4.94,5,4
RGVtYW5kU3RheUxpc3Rpbmc6MTc1ODcwNDYzMTA4Njg5MTQ5MQ==,Unique 3 Bedroom | Walk to CN Tower/Rogers Centre ,43.6443,-79.3894,1301.0,5.0,3,2
RGVtYW5kU3RheUxpc3Rpbmc6MTY2MjUyMDI2MTE0MTU2NzI2OA==,Downsview Oasis,43.73104,-79.49885,461.0,5.0,1,1
RGVtYW5kU3RheUxpc3Rpbmc6ODkxMjg1MzUwOTMxNzQ1MDAx,John-Peter Toronto,43.64532,-79.39051,1944.0,4.99,2,2
RGVtYW5kU3RheUxpc3Rpbmc6ODk0MDIwNjE3NTUwMjUxMTYz,Bright & Beautiful Single's Room,43.66415,-79.45867,222.0,4.93,0,1
RGVtYW5kU3RheUxpc3Rpbmc6MTc0NDQwNDkyNjM2NTM0MjEyOA==,The Vertex Suites,43.6475,-79.3927,1241.0,4.95,1,1
RGVtYW5kU3RheUxpc3Rpbmc6MTc2ODIzMjUyNjQ4MTYxNDEyNw==,Practical Fort York Condo | Walk to The Bentway,43.637714340736046,-79.4061240517531,754.0,4.95,1,1
RGVtYW5kU3RheUxpc3Rpbmc6MTU3Njk4MjA2NTA5OTkxNTAwMw==,The Soho Brownstone - The City on Your Doorstep,43.65192,-79.394,4181.0,5.0,4,2
RGVtYW5kU3RheUxpc3Rpbmc6MTI1NzY5NTI2ODU3NzcxMzg4OA==,Cozy Corner,43.67935,-79.4317,368.0,4.99,0,1
RGVtYW5kU3RheUxpc3Rpbmc6ODA3MzE2MDgwNjEyNjAyMzI4,Beautiful 4 BR detached home in Vaughan,43.80596,-79.46048,1484.0,4.95,4,2
RGVtYW5kU3RheUxpc3Rpbmc6MTc3OTQyMzY=,3 Bedroom 2 Bath Waterfront Condo w Free Parking,43.64285,-79.38186,1741.0,4.92,3,2
RGVtYW5kU3RheUxpc3Rpbmc6MTc0MTQwMjcwOTc0MTkxOTE1NQ==,Elegant 3BR Suite with Beautiful Living Room,43.6443,-79.3894,1608.0,4.95,3,2
RGVtYW5kU3RheUxpc3Rpbmc6NzM5MDcyOA==,Brookfield Hideaway Guest Suite,43.64486,-79.42158,442.0,4.88,0,1
RGVtYW5kU3RheUxpc3Rpbmc6MTc1Njc3ODczODM3MTQzMDgwNQ==,67th Floor Penthouse | 3BR Lake & City Views,43.64138,-79.39638,2433.0,4.95,3,2
RGVtYW5kU3RheUxpc3Rpbmc6MTc1MDkyNjA2OTAwMTQ5NTg1OQ==,Pine & Post,43.6475,-79.3927,1278.0,4.95,1,1
RGVtYW5kU3RheUxpc3Rpbmc6MTYzNTMxODcwMDM5MjU0MTUwMA==,Bright and Breezy:Central Light Wood Suite+Parking,43.64173,-79.38251,1436.0,4.85,2,1
RGVtYW5kU3RheUxpc3Rpbmc6MTc1MDE2MjA0MzYxMDc0NTcyNg==,Spacious 3 Bedroom Condo with Huge Private Patio,43.7678,-79.3732,939.0,4.95,3,2
RGVtYW5kU3RheUxpc3Rpbmc6MTYzMTM4Ng==,Private Room in Downtown Toronto RM3,43.66368,-79.44037,334.0,4.83,0,1
RGVtYW5kU3RheUxpc3Rpbmc6MTYxNzU1NTAzNTE1MDgzMTA3Mw==,"2,500 sq ft | Penthouse | Scotiabank Arena",43.6429,-79.3807,4683.0,4.82,3,3
RGVtYW5kU3RheUxpc3Rpbmc6MjQwMTM4NjM=,Luxury 4BR | Sleeps 10 | Rooftop | Free Parking,43.6382,-79.41459,2489.0,4.82,4,2
RGVtYW5kU3RheUxpc3Rpbmc6MTQxNTI0MTE5MjE3NTEyNzMzMQ==,Modern Condo | Breathtaking Views | CN Tower | BMO,43.644,-79.3893,1449.0,4.95,1,1
RGVtYW5kU3RheUxpc3Rpbmc6Mjk2NzM4Mzk=,Grand & Luxurious Historic Home | Central Toronto,43.68016,-79.43338,6979.0,5.0,6,3
RGVtYW5kU3RheUxpc3Rpbmc6MTY5ODgxMzU1MTEwNzc3NzkzMg==,Large Lakeview High Floor With 5 Queen Beds,43.64123,-79.39657,2795.0,4.75,3,2
